date,store_name,rating,text,sentiment,sentiment_score
2026-09-28,Lululemon Robson Street Vancouver,5,"I have used a lot of Lululemon in my gym career.  It is great.  I have tried all of their workout clothes except the shoes.  I have some of their casual pants; they are good, too.  The socks last longer than the Nikes--in my experience.  The white workout shirts are expensive, but look great.  One slight flaw with some of the workout shirts is that the collars stretch somewhat quickly; however, I am using them nearly everyday, and lifting heavy, and running frequently.  I am sure they could fix this problem, but it does not really matter.  The shorts are perfect.  I do not like compression shorts, but I have a pair of theirs and they are good.  So while it may be expensive, their workout clothes are good quality and look great.",POSITIVE,0.7124184966087341
2026-09-28,Lululemon Robson Street Vancouver,5,"Great downtown location with a really solid selection. Easy to pop into while exploring Vancouver, and the store was well stocked with plenty of styles and sizes available. Friendly staff and an overall smooth shopping experience.",POSITIVE,0.6989098191261292
2026-09-28,Lululemon Robson Street Vancouver,5,"Had the most incredible experience at #lululemonVancouver (970 Robson Street) while on vacation. We had just enjoyed a Disney cruise to Alaska to celebrate being a 5 year #cancersurvivor but unfortunately I got bronchitis! So after arriving in the beautiful city of Vancouver we went to enjoy some shopping and lunch.

At lululemon I was helped by the fabulous Taury who was helpful, kind, and funny. He asked if I was okay due to my extensive coughing, so I explained the above, and he offered me water and tissues. Once I’d modeled my choices for Les and we were heading to the cashier, Taury said the most beautiful thing: he was moved by my journey and my spirit, and wanted to gift me one of the two pairs of leggings! I couldn’t believe such kindness! Then when we got to the cashier, the manager said BOTH pairs of leggings were a gift! I welled up with tears at the kindness and generosity. Thank you Taury and #lululemonVancouver for making this woman feel special. And I absolutely LOVE my gorgeous Nulu leggings!",POSITIVE,0.4280846416950226
2026-09-28,Lululemon Robson Street Vancouver,5,"When I made my purchase the other day, there was an issue with processing my card, so I asked for assistance to confirm the transaction. Even though my English is limited as I am an ESL speaker, the staff member was incredibly kind and patient, listening carefully and even offering to help me contact my bank.

After having a baby, I was looking for comfortable clothes that I could wear every day and that are also suitable for breastfeeding. The items I purchased have truly made my daily life more comfortable—I wear them all the time and absolutely love them.

Not only is the quality excellent, but I was also deeply impressed by the kindness and care shown by the staff. Their customer service really touched me, and it made me want to become someone who can treat others with the same level of warmth and compassion.

ARIGATO!!!",POSITIVE,0.6697334051132202
2026-09-28,Lululemon Robson Street Vancouver,1,"I had a very scary , disturbing experience at this location and because of it I will never shop at Robson Lululemon again . I am a regular shopper at Lululemon—have been to multiple locations around North America and this experience bewilders me.

I was here that day to purchase some new clothes and to return some items I had bought before and there was a long line up so I decided to first look at clothes..As one would I went to the change room to try on a piece of clothing from the store , and after I finished , giving the associate the clothing I did not want a police officer came into the store approached me and told me not to steal from the store. The officer told me that one of the associates had called the police on me  because they thought I was going to steal something — please note I wear Lululemon clothing mostly,  and have stepped foot into this store before with no issues— also I am not a criminal , have no criminal record, and NEVER had the police called on me before.

As one could imagine I was very embarrassed and also thought the lady who called on me must have been crazy ( hopefully she doesn’t work there anymore 🙄). Anyways , I was most upset because the items I went there to return the officer told me to put back!! I told them to check the cameras( they could clearly see I walked into the store with my pre- purchased items ) plus my receipt ! They did not care — they told me to give them my items and leave, but the officer did say that I should explain the situation to the front desk the next day along with bringing my receipt to retrieve my items so I don’t just get ripped off lol.

So thats what I did — I went to pick up my items that I had left the day before and to not my surprise , since I already thought the entire situation was odd they declined my receipt and declined checking the cameras.

I never went to this store after that. I find this experience now gives a bad reputation to the brand — specifically I really don’t think that the employee who called on me should be working there, and to call the cops on someone who literally is funding your biweekly cheques is wild.

I was told by the front instead that I can email the Lululemon office/ call them to be refunded or credited for my items.

—To be honest , it didn’t make sense how I was kicked out of the store one day by one employee just to be allowed in the store again any other day as if nothing happened and then on top of it all get ripped off by this huge company.

This experience happened 2 years ago but I remember it as if it was yesterday. —

I was still in shock from how they treated me and tired of the whole experience so I just left it—so I’m down a hundred but with a lesson learned ( and hopefully your lesson learned too )!

The thing that made this the saddest for me was the fact that my mom gave me this gift card for Lululemon,  and I had spent it on these items I was suppose to return. My mom had bought me multiple Lululemon gift cards for me before this one and it was even at this location so that makes me even more angry and upset!

Tbh, I’m not surprised if someone else has a similar experience as me — the company basically stole from my family and me, and tried to gaslight me into thinking I stole from them.

Let me be the idiot that shopped at this Vancouver location so you don’t have to !

Just in case Lululemon wants to make it right with a customer that is keeping them in business…I still have the gift card from my items purchased at this store🙃",NEGATIVE,0.26672258973121643
2026-09-28,Lululemon Georgia Street Pacific Centre Vancouver,5,I am writing this review for Tricia and Ivana. Both ladies are  really angel. They are very very kind and helpful. They helped me to buy the right items that I need.,POSITIVE,0.7716267704963684
2026-09-28,Lululemon Georgia Street Pacific Centre Vancouver,5,The customer service was excellent; Majo helped me find a warm sweater to keep me cozy. She listened to what I needed and picked out a couple of pieces for me to try. It was a fantastic shopping experience with her assistance.,POSITIVE,0.6720484495162964
2026-09-28,Lululemon Georgia Street Pacific Centre Vancouver,5,"Exceptional service - Franklin and Gracia.

Went above and beyond, grabbed items from the mannequin for me. Helped me pick out the T-shirt as well (they all look the same to me lmao, but the fabrics are different which is important when selecting for your needs - thank you for the assistance).

Ended up purchasing 7"" shorts from Alo and 5"" shorts from Lululemon. Lululemon culture/and QC was significantly better. After checking the items at home, quality and consistency was SIGNIFICANTLY better at Lululemon.

I had wanted to check Alo (currently privately held company, could potentially look to go public to scale IMO), to see if the rumors regarding their effort and respect were justified. I was shocked. You have to do due diligence when shopping at Alo, (or just purchase from Lululemon IMO). I had asked for a specific color that they ""had in the back"", I came home and noticed a pin through the fabric, and the Alo tag marked up - which I should have checked). Unacceptable, especially for shorts over $100.

Lululemon was impressive. Not the same experience at Alo. First time there, no relation to the companies. Not a Lululemon shareholder (although I might consider it now lmao), or ever was.",POSITIVE,0.767282247543335
2026-09-28,Lululemon Georgia Street Pacific Centre Vancouver,5,"I came to the temporary Pacific Centre location to return an item I originally purchased from the Robson store. Because it had been an exchange, the refund wasn’t straightforward, but the associate there (a woman with long black hair) was incredibly kind and patient. Even though she couldn’t process the refund directly, she genuinely tried to figure out a solution and handled everything with a great attitude.

I did end up going back to the Robson location to complete the refund, and unfortunately the customer service there was very disappointing and honestly ruined my evening.

That said, the experience at the Pacific Centre location made a big difference. The kindness and effort from the associate there really stood out and helped balance out an otherwise frustrating situation.",NEGATIVE,0.4070050120353699
2026-09-28,Lululemon Georgia Street Pacific Centre Vancouver,1,"Very unimpressed. Staff were quite condescending when I tried to do a return I had lost my receipt for. They wouldn’t do the return/exchange for me which is ridiculous. I spend copious amounts of money at lululemon so to be treated that way was highly disappointing. The woman was absolutely rude with her ugly smirk on her face. My Dior wallet was worth more than everything she had on I can guarantee that.
After writing this I proceeded to have a look at the other reviews and I am not at all surprised at how many people felt the same as myself. Seems as though the staff are just over all rude to most loyal customers. Here’s a solution, GET NEW STAFF!!!",NEGATIVE,0.6288683414459229
2026-09-28,Lululemon Kitsilano Vancouver,5,"Had such a great experience here thanks to Jane! I originally walked in just to browse, but she was so friendly and helpful that I ended up leaving with a top and two pairs of leggings :)

Jane took the time to explain the different lululemon lines, fabrics, and fits, and helped me figure out what would work best for me. I especially appreciated having a Korean educator who really understood Asian Fit and how different styles fit Asian body types. She made it so much easier for me to find pieces that actually fit and suited me well.

It was also great being able to ask questions comfortably in Korean while learning more about lululemon and its different products. Thank you Jane for being so kind, patient, and knowledgeable🩵🩵",POSITIVE,0.613306999206543
2026-09-28,Lululemon Kitsilano Vancouver,5,"Just had maybe the best shopping experience at Lululemon. I have been a long time customer and really have to give it to Edge. He made me feel incredibly welcome and nothing was too much of an ask. He was incredibly helpful, friendly and personable. I hope management at the west 4th location see this and congratulate Edge on being a beyond fantastic employee.",POSITIVE,0.6510698795318604
2026-09-28,Lululemon Kitsilano Vancouver,2,"They claim this is the first Lululemon store opened by Chip Wilson, but honestly, it doesn’t feel like it. If it’s truly such an important and historic location for the brand, you would expect it to be designed and presented in a way that reflects that significance — something unique or memorable.

The store layout is also a bit strange. There are two completely separate sections for men and women, connected only by a narrow corridor. The men’s section is noticeably smaller and feels like an afterthought, with very limited product selection and almost no variety.

Overall, I didn’t enjoy visiting this branch. If you’re looking for a wide range of items or a more special experience, this location might not be worth the trip.",NEGATIVE,0.4537513852119446
2026-09-28,Lululemon Kitsilano Vancouver,1,"Would be good to re-evaluate your in-store policies and ensure your employees are all on the same page.

Came in around noon and wanted to purchase something, but did not bring my gift card out. One of the counter staff let me leave my name on a piece of paper and told me it’d be possible to keep it behind the counter for me to come back and pick up later in the day.

I returned at 7pm to find out the item was no longer there, and I couldn’t find it in-store and had to find out from someone else in a separate shift that they have a no-hold policy for final sale items.

Please have the decency to inform me you can’t hold the items, rather than cause me to make a wasted trip down to find out you’ve run it back into the store without my knowledge. Disappointing experience, with poor service recovery from the folks in the 2nd shift too.",NEGATIVE,0.42325669527053833
2026-09-28,Lululemon Kitsilano Vancouver,1,Just don't buy items. They do not guarantee to look into the quality after 1 year of purchasing the product. This purse was mainly in my closet and started pealing off. Came to the store for them to bring to quality control and was told that they do not do that if item pass the one year mark - New policy. BUYER BEWARE!,NEGATIVE,0.8843678832054138
2026-09-28,Lululemon Metropolis at Metrotown,5,"I stopped by Lululemon to pick out gifts for my bridesmaids, and this lovely sales associate (Jenny 💕) asked if I needed any help. I told her I was having trouble deciding what to give my bridesmaids for my proposal day and mentioned that I’m getting married soon. She was so kind and genuinely excited for me!
Jenny truly went above and beyond , she even shared my story with her manager, and they surprised me with a tumbler as a gift!😍 I was honestly blown away by their thoughtfulness. Such a special and generous gesture!
Thank you so much, Jenny, for making this experience even more memorable. I truly appreciate you! 💖

Im excited to give this proposal box to my bridesmaids!",POSITIVE,0.8042067289352417
2026-09-28,Lululemon Metropolis at Metrotown,5,"I visited this branch for both shopping and an exchange, and I received assistance from Amina (I hope I’m spelling her name correctly! 😅).

She was incredibly patient, kind, and professional. She stayed with me the entire time and guided me through everything with so much care. Even when I went to the fitting room, she checked on me three times to make sure everything was okay and asked if I needed a different size.

I’ve visited this location before, but this level of friendliness and patience truly deserves recognition. Management should absolutely not lose such a valuable, professional, and wonderful employee.

Thank you, Amina 😍✨",POSITIVE,0.8404884934425354
2026-09-28,Lululemon Metropolis at Metrotown,5,"I was there to see if I can get help with my hoodie which had a broken zipper that I bought about a year ago. I was in a bit of a bad mood because of personal matters and snappy therefore. However, the staff were super accommodating. They helped even tho my bad mood, they were super lovely. They let me replace it and help me choose a new one. Definitely the best customer service, lovely stuff, amazing quality! I’m officially hooked for life!",POSITIVE,0.8542293906211853
2026-09-28,Lululemon Metropolis at Metrotown,2,"A few years back, I was really impressed by Lululemon. Though their pants were expensive, they were extremely comfortable, and they offered free hemming AND they would repair damage to the pants if you brought them in. About a year later, they changed the policy to fully replacing the pants for free if they were damaged.. then they changed the policy to no replacing, and no fixing damage.. then they raised the prices on the pants. After the price went up and they don't repair damage (their pants are comfy but definitely not durable), I can no longer justify buying these insanely expensive pants that are flimsy and they won't fix. Used to be a fan, but not anymore.Theyre nice pants, but I can get a pair that's almost the same quality at Uniqlo for less than half the price",NEGATIVE,0.324856698513031
2026-09-28,Lululemon Metropolis at Metrotown,5,"I had a wonderful experience , thanks to Avika. Her customer service was truly outstanding, she was polite, attentive, and went out of her way to make sure I found exactly what I needed. She handled everything with patience and a genuine smile, which made the entire shopping experience smooth and enjoyable.",POSITIVE,0.811539351940155
2026-09-28,Lululemon Richmond at Richmon Centre,1,"I have been buying products from here for years and never had an issue returning items to my EQ bank card. It's a pretty load master card. This location   told me they don't return money to prepaid cards, but it should work since my card is on the Mastercard network. They were lucky I had another bank card available. So beware when buying, they may not be upfront about what cards you can get a refund to or not.",NEGATIVE,0.22917643189430237
2026-09-28,Lululemon Richmond at Richmon Centre,5,"I had an exceptional experience at Lululemon today thanks to Haley and Parni. Haley was incredibly knowledgeable, and attentive, taking the time to understand exactly what I came in for and offering thoughtful recommendations without ever making me feel pressured. Please ensure he is recognized for his client excellence.

Parni, the Floor Lead, went above and beyond to ensure I left the store completely satisfied. Their professionalism, genuine care, and commitment to outstanding customer service truly stood out. Together, they created a welcoming and enjoyable shopping experience that exceeded my expectations.

It's rare to encounter a team so dedicated to customer satisfaction. Thank you, Haley and Parni, for making my visit such a positive one. I look forward to shopping at this location again! ⭐⭐⭐⭐⭐",POSITIVE,0.8100470304489136
2026-09-28,Lululemon Richmond at Richmon Centre,4,"Busy store inside Richmond mall, long line to pay on the weekend. Not a large store, minimal selection of men and women items. The location downtown is significantly larger with a better selection.

Somewhat difficult to find parking at the mall on the weekend, there are a lot less parking lots now than a few years ago.

This location had a few racks of discounted items which I have not seen at other locations.",NEUTRAL,0.48583951592445374
2026-09-28,Lululemon Richmond at Richmon Centre,1,"Since I used to be a fan of their quality, I am very disappointed in the terrible quality of their men’s trousers over the past few years. Stitching came out of pockets, seams, and more within 6 to 8 times of wearing 2 of them. They often did not have my size (33/34) so I bought several pairs when I could find them. Some were not worn for 18 months before I even wore them. When trying to return them, I could no longer find the receipts, so they went by date of manufacture. Over 1 year, of course. No credit, no refund. Waste of money. No longer spending it here. Quality has gotten terrible the past few years.",NEGATIVE,0.6203720569610596
2026-09-28,Lululemon Richmond at Richmon Centre,5,Jasmine was very helpful when we needed to make multiple different transactions. Thanks for being accommodating! Things were very quick as well despite the store being very busy.,POSITIVE,0.5299798250198364
2026-09-28,Lululemon Burnaby Brentwood,5,"I stopped by Lululemon to pick out gifts for my bridesmaids, and this lovely sales associate (Jenny 💕) asked if I needed any help. I told her I was having trouble deciding what to give my bridesmaids for my proposal day and mentioned that I’m getting married soon. She was so kind and genuinely excited for me!
Jenny truly went above and beyond , she even shared my story with her manager, and they surprised me with a tumbler as a gift!😍 I was honestly blown away by their thoughtfulness. Such a special and generous gesture!
Thank you so much, Jenny, for making this experience even more memorable. I truly appreciate you! 💖

Im excited to give this proposal box to my bridesmaids!",POSITIVE,0.8042067289352417
2026-09-28,Lululemon Burnaby Brentwood,5,"I visited this branch for both shopping and an exchange, and I received assistance from Amina (I hope I’m spelling her name correctly! 😅).

She was incredibly patient, kind, and professional. She stayed with me the entire time and guided me through everything with so much care. Even when I went to the fitting room, she checked on me three times to make sure everything was okay and asked if I needed a different size.

I’ve visited this location before, but this level of friendliness and patience truly deserves recognition. Management should absolutely not lose such a valuable, professional, and wonderful employee.

Thank you, Amina 😍✨",POSITIVE,0.8404884934425354
2026-09-28,Lululemon Burnaby Brentwood,5,"I was there to see if I can get help with my hoodie which had a broken zipper that I bought about a year ago. I was in a bit of a bad mood because of personal matters and snappy therefore. However, the staff were super accommodating. They helped even tho my bad mood, they were super lovely. They let me replace it and help me choose a new one. Definitely the best customer service, lovely stuff, amazing quality! I’m officially hooked for life!",POSITIVE,0.8542293906211853
2026-09-28,Lululemon Burnaby Brentwood,2,"A few years back, I was really impressed by Lululemon. Though their pants were expensive, they were extremely comfortable, and they offered free hemming AND they would repair damage to the pants if you brought them in. About a year later, they changed the policy to fully replacing the pants for free if they were damaged.. then they changed the policy to no replacing, and no fixing damage.. then they raised the prices on the pants. After the price went up and they don't repair damage (their pants are comfy but definitely not durable), I can no longer justify buying these insanely expensive pants that are flimsy and they won't fix. Used to be a fan, but not anymore.Theyre nice pants, but I can get a pair that's almost the same quality at Uniqlo for less than half the price",NEGATIVE,0.324856698513031
2026-09-28,Lululemon Burnaby Brentwood,5,"I had a wonderful experience , thanks to Avika. Her customer service was truly outstanding, she was polite, attentive, and went out of her way to make sure I found exactly what I needed. She handled everything with patience and a genuine smile, which made the entire shopping experience smooth and enjoyable.",POSITIVE,0.811539351940155
2026-09-28,Lululemon West Vancouver Park Royal,5,"Been their customer for over 10 years. They have the best customer service in this location and everytime we go there, we feel comfortable, valued, and staff always help us. Jordan's the best. He always put his best effort in and will never let you down.
Cheers.",POSITIVE,0.8955141305923462
2026-09-28,Lululemon West Vancouver Park Royal,5,"My wife and I recently had the pleasure of shopping at Lululemon and the experience was exceptional, entirely thanks to Sawyer.

From the moment we arrived, Sawyer delivered a level of service that is increasingly rare. Her professionalism, warmth, and attention to detail immediately stood out. She has an impressive command of the product line and was able to guide us with confidence, offering thoughtful and highly tailored recommendations that felt both precise and effortless.

What truly distinguished the experience was her ability to understand exactly what we were looking for and elevate it. Every suggestion felt intentional and well considered. It never felt transactional. It felt curated.

My wife and I both left genuinely impressed. This was not just great retail service. It was a refined and memorable experience.

Sawyer represents the very best of what Lululemon can offer. Absolute top tier.",POSITIVE,0.855453610420227
2026-09-28,Lululemon West Vancouver Park Royal,5,Jordan was amazing today. He helped me with a return and it felt like he went out of his way to make the process smooth and easy. Really friendly and efficient throughout. I’d make an effort to go back there again.,POSITIVE,0.7439131140708923
2026-09-28,Lululemon West Vancouver Park Royal,5,"I shopped at the West Vancouver store today and the customer service was first rate, like years ago. I was helped by Alex,  Alison and Nourain. All 3 women were extremely professional, resourceful and creative. Very impressive!",POSITIVE,0.9254450798034668
2026-09-28,Lululemon West Vancouver Park Royal,5,I have had some good experiences at both the ladies side and the men’s side of the store. All the staff is friendly and helpful. My wife needed to see if the store does repairs and after speaking to a helpful associate they decided to exchange them for a new pair. It was so unexpected and kind and we will definitely be back,POSITIVE,0.6711698174476624
