date,store_name,rating,text,sentiment,sentiment_score,topic,topic_score
2026-06-15,Lululemon Robson Street Vancouver,2,"not much to see and shop. didn't have what i saw online.. although this is the biggest store in vancouver.
the employees at the fitting room were not friendly as well; not planning to visit again",NEGATIVE,0.5466277003288269,Store experience,0.5923042893409729
2026-06-15,Lululemon Robson Street Vancouver,5,"Most of my wardrobe is Lulu because they have clothing and apparel for any occasion. For me, comfort & convenience is priority, whether working out or going out for the evening. I haven't purchased a pair of jeans, ""slacks"", dress shirts, or even blazers by any other brands in well over a decade because I know I can rely on high quality merch that's easy to wear & will last long. With such a selection, I've continued to refresh my look with ABC pants, seasonal tops, and workout gear, knowing I'll have the same comfort & fits. With plenty of styles, colors, and materials to choose from, it's easy to keep my style fresh every time I add a new piece.
The Robson location is the only store I ever shop in the flesh because I can just as easily follow the ""We Made Too Much"" category online for sales on different colors & materials of what I know will fit already, plus lots of bonus Aeroplan points!
At this location, it really seems like each staff member enjoy their jobs. I don't think they could fake their consistently exceptional customer service! The occasions I go in alone, the staff are always flying around helping with sizes, etc... So what I appreciate the most in this store are the honest opinions from whoever is helping me in the fitting room area. If it doesn't look right, they will come up with another option, but when they give me a green light, I can feel confident with my purchases. Their return/exchange policies for members are the easiest I've experienced. Their turn around time with alterations is never more than five days, & often less. It's an uplifting, above & beyond experience, from their greeters to the till👌😊",POSITIVE,0.4725326895713806,Product quality,0.5081887245178223
2026-06-15,Lululemon Robson Street Vancouver,5,"When I made my purchase the other day, there was an issue with processing my card, so I asked for assistance to confirm the transaction. Even though my English is limited as I am an ESL speaker, the staff member was incredibly kind and patient, listening carefully and even offering to help me contact my bank.

After having a baby, I was looking for comfortable clothes that I could wear every day and that are also suitable for breastfeeding. The items I purchased have truly made my daily life more comfortable—I wear them all the time and absolutely love them.

Not only is the quality excellent, but I was also deeply impressed by the kindness and care shown by the staff. Their customer service really touched me, and it made me want to become someone who can treat others with the same level of warmth and compassion.

ARIGATO!!!",POSITIVE,0.6697334051132202,Customer service,0.32315880060195923
2026-06-15,Lululemon Robson Street Vancouver,1,"Prices higher than ever and quality is worse than ever! Will be going anywhere else next time. You must have to be “invited” to review items because I can’t find a way to write one on the website. HOWEVER when I filter for lowest ratings, so many people experiencing the exact same issues as me- uncomfortable, riding up, material is no good. This is not it, and I’m sorry I gave them another chance, the good quality days are gone.",NEGATIVE,0.8099210262298584,Pricing,0.7223486304283142
2026-06-15,Lululemon Robson Street Vancouver,5,"I honestly don’t even know how many Lululemon pieces I have, I usually order online, but this location is my absolute favourite when I want to shop in person. The staff are incredibly friendly and welcoming, and they always have everything you need to try on or purchase. Keep shining, Lululemon! ✨",POSITIVE,0.9410830140113832,Store experience,0.40306970477104187
2026-06-15,Lululemon Georgia Street Pacific Centre Vancouver,5,"Exceptional service - Franklin and Gracia.

Went above and beyond, grabbed items from the mannequin for me. Helped me pick out the T-shirt as well (they all look the same to me lmao, but the fabrics are different which is important when selecting for your needs - thank you for the assistance).

Ended up purchasing 7"" shorts from Alo and 5"" shorts from Lululemon. Lululemon culture/and QC was significantly better. After checking the items at home, quality and consistency was SIGNIFICANTLY better at Lululemon.

I had wanted to check Alo (currently privately held company, could potentially look to go public to scale IMO), to see if the rumors regarding their effort and respect were justified. I was shocked. You have to do due diligence when shopping at Alo, (or just purchase from Lululemon IMO). I had asked for a specific color that they ""had in the back"", I came home and noticed a pin through the fabric, and the Alo tag marked up - which I should have checked). Unacceptable, especially for shorts over $100.

Lululemon was impressive. Not the same experience at Alo. First time there, no relation to the companies. Not a Lululemon shareholder (although I might consider it now lmao), or ever was.",POSITIVE,0.767282247543335,Customer service,0.5472479462623596
2026-06-15,Lululemon Georgia Street Pacific Centre Vancouver,5,The customer service was excellent; Majo helped me find a warm sweater to keep me cozy. She listened to what I needed and picked out a couple of pieces for me to try. It was a fantastic shopping experience with her assistance.,POSITIVE,0.6720484495162964,Customer service,0.8428739905357361
2026-06-15,Lululemon Georgia Street Pacific Centre Vancouver,5,"I came to the temporary Pacific Centre location to return an item I originally purchased from the Robson store. Because it had been an exchange, the refund wasn’t straightforward, but the associate there (a woman with long black hair) was incredibly kind and patient. Even though she couldn’t process the refund directly, she genuinely tried to figure out a solution and handled everything with a great attitude.

I did end up going back to the Robson location to complete the refund, and unfortunately the customer service there was very disappointing and honestly ruined my evening.

That said, the experience at the Pacific Centre location made a big difference. The kindness and effort from the associate there really stood out and helped balance out an otherwise frustrating situation.",NEGATIVE,0.4070050120353699,Customer service,0.3510144054889679
2026-06-15,Lululemon Georgia Street Pacific Centre Vancouver,1,"Not satisfied with the quality of product, which began pilling right at the first time before washing! And the manager hesitated for adjustment with the new one! And asked me to pay for exchanging ...In addition wrong information from the sellers which caused back and ford for 3 times to the store! Wasting my time and finally they said it cant be adjusted...And my question is why the customer should pay for miss-qualification of a product, instead of you?!",NEGATIVE,0.6263673901557922,Product quality,0.6717638969421387
2026-06-15,Lululemon Georgia Street Pacific Centre Vancouver,1,"Very unimpressed. Staff were quite condescending when I tried to do a return I had lost my receipt for. They wouldn’t do the return/exchange for me which is ridiculous. I spend copious amounts of money at lululemon so to be treated that way was highly disappointing. The woman was absolutely rude with her ugly smirk on her face. My Dior wallet was worth more than everything she had on I can guarantee that.
After writing this I proceeded to have a look at the other reviews and I am not at all surprised at how many people felt the same as myself. Seems as though the staff are just over all rude to most loyal customers. Here’s a solution, GET NEW STAFF!!!",NEGATIVE,0.6288683414459229,Customer service,0.3911043405532837
2026-06-15,Lululemon Kitsilano Vancouver,1,"My experience at this store hasn’t been great. The staff used to be much nicer and more helpful. Even though it’s close to my place, I now prefer ordering online and only use the store for returns.",NEUTRAL,0.4692902266979217,Store experience,0.6629970669746399
2026-06-15,Lululemon Kitsilano Vancouver,1,Just don't buy items. They do not guarantee to look into the quality after 1 year of purchasing the product. This purse was mainly in my closet and started pealing off. Came to the store for them to bring to quality control and was told that they do not do that if item pass the one year mark - New policy. BUYER BEWARE!,NEGATIVE,0.8843678832054138,Store experience,0.4439648389816284
2026-06-15,Lululemon Kitsilano Vancouver,2,"They claim this is the first Lululemon store opened by Chip Wilson, but honestly, it doesn’t feel like it. If it’s truly such an important and historic location for the brand, you would expect it to be designed and presented in a way that reflects that significance — something unique or memorable.

The store layout is also a bit strange. There are two completely separate sections for men and women, connected only by a narrow corridor. The men’s section is noticeably smaller and feels like an afterthought, with very limited product selection and almost no variety.

Overall, I didn’t enjoy visiting this branch. If you’re looking for a wide range of items or a more special experience, this location might not be worth the trip.",NEGATIVE,0.4537513852119446,Store experience,0.48954784870147705
2026-06-15,Lululemon Kitsilano Vancouver,1,"Over priced poor quality clothing. Customer service is lacking. Bought a gift, which didn’t fit attempted to return it with the receipt. However, we were told rather rudely by the clerk and manager that we needed to have the original sales tag attached. Therefore, writing this review to let others know not to take tags off gifts from this store",NEGATIVE,0.5993496775627136,Customer service,0.44998565316200256
2026-06-15,Lululemon Kitsilano Vancouver,5,"I'm a huge lululemon fan and this was the first store that I ever went to when it to when it opened way back! I always enjoy visiting this store on my trips to Vancouver! On my visit yesterday at about 11:00, all the employees were so incredibly helpful and pleasant! I can't remember all the name except for Cora (spelling?) who was Irish and telling me about the Dublin Marathon! Great chat with all the employees and made a fantastic experience! Purchased multiple new things including a new puffer jacket and I absolutely believe lululemon has the overall best running gear out there for all my training runs and races!",POSITIVE,0.9018841981887816,Customer service,0.4200108051300049
2026-06-15,Lululemon Metropolis at Metrotown,5,"I visited this branch for both shopping and an exchange, and I received assistance from Amina (I hope I’m spelling her name correctly! 😅).

She was incredibly patient, kind, and professional. She stayed with me the entire time and guided me through everything with so much care. Even when I went to the fitting room, she checked on me three times to make sure everything was okay and asked if I needed a different size.

I’ve visited this location before, but this level of friendliness and patience truly deserves recognition. Management should absolutely not lose such a valuable, professional, and wonderful employee.

Thank you, Amina 😍✨",POSITIVE,0.8404884934425354,Customer service,0.3983612060546875
2026-06-15,Lululemon Metropolis at Metrotown,5,"I stopped by Lululemon to pick out gifts for my bridesmaids, and this lovely sales associate (Jenny 💕) asked if I needed any help. I told her I was having trouble deciding what to give my bridesmaids for my proposal day and mentioned that I’m getting married soon. She was so kind and genuinely excited for me!
Jenny truly went above and beyond , she even shared my story with her manager, and they surprised me with a tumbler as a gift!😍 I was honestly blown away by their thoughtfulness. Such a special and generous gesture!
Thank you so much, Jenny, for making this experience even more memorable. I truly appreciate you! 💖

Im excited to give this proposal box to my bridesmaids!",POSITIVE,0.8042067289352417,Store experience,0.5072619318962097
2026-06-15,Lululemon Metropolis at Metrotown,1,"I visited Lululemon at Metropolis at Metrotown today around 3:30 PM on Feb 28th to get a pair of pants hemmed. I went to the back of the fitting area and informed one of the employees (wearing a pink top long blonde hair) that I was there for hemming. She told me I needed to line up like everyone else.

This wasn’t my first hemming experience, so I know that if you don’t need to try the item on, there’s no need to line up for a fitting room. When it was finally my turn, another staff member confirmed that I actually did not need to line up.

What made it more disappointing was that she wasn’t busy helping customers — she was folding pants at the time and could have taken a moment to assist or clarify properly, but she didn’t. The misinformation and the unfriendly attitude were frustrating. I understand policies need to be followed, but staff should be properly trained before correcting customers. A more professional and courteous approach would have made a big difference.

I hope management can provide clearer training to ensure a smoother and more welcoming experience in the future.",POSITIVE,0.2476980686187744,Store experience,0.40523573756217957
2026-06-15,Lululemon Metropolis at Metrotown,5,"Very helpful staff lots of inventory and sizes available. Clean and organized change rooms, good clearance sale rack always at  the back, line up moved quickly and counter staff were very kind",POSITIVE,0.6353328824043274,Store experience,0.34256723523139954
2026-06-15,Lululemon Metropolis at Metrotown,5,"I had a wonderful experience , thanks to Avika. Her customer service was truly outstanding, she was polite, attentive, and went out of her way to make sure I found exactly what I needed. She handled everything with patience and a genuine smile, which made the entire shopping experience smooth and enjoyable.",POSITIVE,0.811539351940155,Customer service,0.8116446137428284
2026-06-15,Lululemon Richmond at Richmon Centre,5,"Had such a great experience at this Lululemon location! Wing was incredibly friendly, patient, and super knowledgeable. She walked me through so many of their products, explained the differences clearly, and helped me find exactly what I needed. Her service was warm, thoughtful, and never pushy.

Really appreciate her professionalism — made my shopping experience so smooth and enjoyable. Thank you, Wing!",POSITIVE,0.9462416172027588,Customer service,0.34106722474098206
2026-06-15,Lululemon Richmond at Richmon Centre,1,"My card unfortunately could not be processed for an unknown reason, so I wasn’t able to complete the purchase. The sales associate’s reaction was quite surprising. Their attitude immediately shifted and they treated the situation as if I might try to steal the item.

When I asked if I could take a photo of the tag so I could reference the item and purchase it later, they tightly held onto the shirt and behaved in a way that felt unnecessarily distrustful. It made for a very uncomfortable experience and honestly very humiliating. 😕",NEGATIVE,0.5054553747177124,Store experience,0.4129694402217865
2026-06-15,Lululemon Richmond at Richmon Centre,5,"I would like to thank you customer representative at lululemon. I m sorry I didn’t ask your name but today you were amazing and have understood what a customer wants. I was so grateful to meet someone who took care of customer very well.
I purchased a pants there and didn’t realize I grabbed the wrong size from size 4 to size 2 last Friday (Black Friday). When I was home and found out that I got it the wrong size so I went back the store today. Please give her applause👏👏👏 she helped me find size 4 that I was looking for thoroughly on the shelf somehow she couldn’t find it then grabbed me the other color if I want it. So I want to try it out before then I went to try and suddenly found the right color and the right size on the shelf in the fitting room. I went back to her and say thank you for helping and great service from her. I felt so happy that I get the right size of my pants and happy about lululemon customer representative there. Thank you again.",POSITIVE,0.3142492175102234,Customer service,0.5272420644760132
2026-06-15,Lululemon Richmond at Richmon Centre,1,"Since I used to be a fan of their quality, I am very disappointed in the terrible quality of their men’s trousers over the past few years. Stitching came out of pockets, seams, and more within 6 to 8 times of wearing 2 of them. They often did not have my size (33/34) so I bought several pairs when I could find them. Some were not worn for 18 months before I even wore them. When trying to return them, I could no longer find the receipts, so they went by date of manufacture. Over 1 year, of course. No credit, no refund. Waste of money. No longer spending it here. Quality has gotten terrible the past few years.",NEGATIVE,0.6203720569610596,Product quality,0.4802919030189514
2026-06-15,Lululemon Richmond at Richmon Centre,5,"Selection could be better. Not my size available in the items I wanted to try on for fit. Good workers all around. Karen was lovely. So personable and such a kind soul. He made my daughter and I's day on a very busy birthday weekend. I hope to see him again when we are back in town. Thank you Richmond Center. - From the woman with the ""so cute"" hermes bag 😉",NEUTRAL,0.5178531408309937,Customer service,0.27583256363868713
2026-06-15,Lululemon Burnaby Brentwood,5,"I had my first shopping experience at this location today and I was so happy I had the best customer service all of the girls working. There were so nice and helpful but and not too helpful where it’s over the top like you’re when you’re shopping at Aritzia, but they were just perfect and it was a beautiful store. I have to mention one of the sales girls who is working the change room. She was a curvy girl with blonde hair. She was so wonderful and really made my experience. Great I will definitely shop here again",POSITIVE,0.7540256977081299,Customer service,0.6102921366691589
2026-06-15,Lululemon Burnaby Brentwood,5,"I had one of the most meaningful retail experiences of my life at the Brentwood Lululemon.

My Everywhere Crossbody Bag was stolen from my car two days before my birthday. When I went into the store to replace it, Shayla, the store manager, learned about the theft and generously gifted me the bag.

Afterward, I shared with her that in December I had lost a close friend and that the funeral had taken place the day before my bag was stolen. Shayla was incredibly kind, compassionate, and reassuring.

What made this moment especially meaningful to me was that I had originally bought the bag months earlier as an act of self-care after a difficult breakup, replacing a seven-year-old all night festival bag that was falling apart. Losing it felt discouraging, and Shayla’s kindness meant far more than just receiving a replacement.

This was so much more than customer service. It was genuine human kindness. I will never forget this experience, and I will always associate Lululemon with compassion because of her. Thank you, Shayla, and thank you to the Brentwood team.",POSITIVE,0.5103516578674316,Store experience,0.5064074993133545
2026-06-15,Lululemon Burnaby Brentwood,5,"I LOVE THIS LOCATION! All the team from Lululemon Brentwood is amazing. Every time I walk in they are so helpful and nice. I take my dog with me most of the time and they greet him with a treat! We all love them.
Ana and Kenneth are my favorite people there, every time I go to the store I’m hoping they’re there because I feel more comfortable. They’re super knowledgeable about their products, and help me find my right fit.

My first ever interaction with the Brentwood staff was because of a return, I ordered online and arrived something that was meant to be for another client. I went to this location as is the closer one to me, and the person that helped me out was Kenneth; he was super helpful and made the process so easy, even though it was an online order that was not mine and mine was lost. I’ve never met anyone with this amazing costumer service before. I’ve been coming back since then, and he’s me GO-TO person!!

Thanks Lululemon Brentwood!",POSITIVE,0.927868127822876,Store experience,0.3385734260082245
2026-06-15,Lululemon Burnaby Brentwood,5,"The store pop-up is amazing. I have been visiting this store since I live close by and been a lululemon fan. Today, I was trying the smooth spacer pull over hoodie.Rho, helped me to find the right size and she ordered it for me. The overall experience is amazing with a friendly and welcoming team.

I wish this pop up store will be permanent and not just a pop-up.",POSITIVE,0.6867570281028748,Store experience,0.4770490229129791
2026-06-15,Lululemon Burnaby Brentwood,1,"I usually enjoy shopping at Lululemon, but this experience was very upsetting.

My boyfriend was trying on clothes in the fitting room, and I briefly stepped inside only to hand him a jacket and help decide what he should try on first. There was nothing inappropriate happening.

Without any warning or verbal notice, an employee suddenly pulled the fitting room curtain fully open and told us that two people were not allowed inside. This was extremely embarrassing and felt like a complete violation of privacy.

If there is a policy, it should be communicated verbally and respectfully first, not by forcefully opening a curtain while customers are inside. The employee appeared to be the oldest staff member in the store, which made the lack of professionalism even more disappointing.

I hope Lululemon provides better training on customer privacy and respectful communication. This experience has negatively affected my impression of the brand.",NEGATIVE,0.7716369032859802,Store experience,0.7337743043899536
2026-06-15,Lululemon West Vancouver Park Royal,5,Jordan was amazing today. He helped me with a return and it felt like he went out of his way to make the process smooth and easy. Really friendly and efficient throughout. I’d make an effort to go back there again.,POSITIVE,0.7439131140708923,Customer service,0.615594744682312
2026-06-15,Lululemon West Vancouver Park Royal,5,"I shopped at the West Vancouver store today and the customer service was first rate, like years ago. I was helped by Alex,  Alison and Nourain. All 3 women were extremely professional, resourceful and creative. Very impressive!",POSITIVE,0.9254450798034668,Customer service,0.6762781739234924
2026-06-15,Lululemon West Vancouver Park Royal,4,"UPDATE: Manager Stephanie called and apologized and they are sending me the correct item. Thank you!!

Ordered an item online for pick up, they put the wrong item in the bag. When I got home I noticed it’s not what I ordered. Called several times no answer so I can get the item I paid for. Disappointed.",NEGATIVE,0.7725539803504944,Customer service,0.5784693360328674
2026-06-15,Lululemon West Vancouver Park Royal,5,"I visited this store during Black Friday week and had a great experience. A young gentleman, I believe his name was Soroosh, was incredibly helpful and patient while I shopped for my husband. Everything about the mens section he knew very well, would definitely come again!",POSITIVE,0.749703049659729,Store experience,0.4546014964580536
2026-06-15,Lululemon West Vancouver Park Royal,2,I tried to get some pants exchanged because the seam ripped in the crotch. They made the process very difficult wanting documents for pants I bought over 2 years ago. I guess I will have good air flow down there on hot days now. Chip wouldn't have let this happen. No wonder the stock is in the toilet.,NEGATIVE,0.5134061574935913,Store experience,0.32902792096138
